[
    {
        "featured": false,
        "name": "React Lake Campground",
        "image": "react-lake.jpg",
        "elevation": 1233,
        "cost": 65,
        "description": "Nestled in the foothills of the Chrome Mountains, this campground on the shores of the pristine React Lake is a favorite for fly fishers.",
        "comments": []
    },
    {
        "featured": false,
        "name": "Chrome River Campground",
        "image": "chrome-river.jpg",
        "elevation": 877,
        "cost": 77,
        "description": "Spend a few sunny days and starry nights beneath a canopy of old-growth firs at this enchanting spot by the Chrome River.",
        "comments": []
    },
    {
        "featured": false,
        "name": "Breadcrumb Trail Campground",
        "image": "breadcrumb-trail.jpg",
        "elevation": 2901,
        "cost": 24,
        "description": "Let NuCamp be your guide to this off-the-beaten-path, hike-in-only campground.",
        "comments": []
    },
    {
        "featured": true,
        "name": "Redux Woods Campground",
        "image": "redux-woods.jpg",
        "elevation": 42,
        "cost": 55,
        "description": "You'll never want to leave this hidden gem, deep within the lush Redux Woods.",
        "comments": []
    }
]
