[
    {
        "featured": false,
        "name": "Bootstrap Outfitters",
        "image": "bootstrap-logo.png",
        "description": "Bootstrap Outfitters supplies you with the gear you need at prices you can't beat."
    },
    {
        "featured": false,
        "name": "Git Out Expeditions",
        "image": "git-logo.png",
        "description": "Join Git Out Expeditions to explore new horizons with a group of other adventurers!"
    },
    {
        "featured": false,
        "name": "Mongo Fly Shop",
        "image": "mongo-logo.png",
        "description": "Need a new fishing pole, a tacklebox, or flies of all kinds? Stop by Mongo Fly Shop."
    },
    {
        "featured": true,
        "name": "Node Outdoor Apparel",
        "image": "node-logo.png",
        "description": "From polar fleeces to swimsuits, hiking boots to waders, a visit to Node will be sure to get you covered."
    }
]
